People,Comments
,"Want to master Python? Get my Python mastery course: http://bit.ly/35BLHHP
 Subscribe for more Python tutorials like this: https://goo.gl/6PYaGF"
Arthur Morgan,If u ever feel useless in life just remember there are idiotic fools that dislike a 6 hour video of a man teaching how to use python for absolutley free
Kilovolt,"After 2.5 years, I am returning here to say that I‚Äôve just accepted a job offer for a good salary, and my IT journey started here, from this video, in November of 2019. This was my first source of information, when I got back from work (being a cable tech), and typed ‚ÄúPython full course‚Äù or something along those lines."
Dexcelo,"Can we just take a moment to appreciate this guy for providing this type of content for free ? great help, Thank you sir!"
Christian Naira,"This 6 hours course widen my knowledge in python, and I consider it as a warm up for my future learning . I finished the course in two months by repeating the lessons over and over again until I understand it haha. Thank you for this programming course! it really helps a lot!"
SphinyAl,"I'm gonna add myself to the many ""thank you""s! I'm one hour in and I already understood more than I did in a TWO DAYS course I got from work. You singlehandedly gave me the trust that even I can learn python and programming. This video is worth gold to me right now! Thank you Mosh!"
Andrea Nava,"I am going to say, I have just 3 years as a English speaker (my first language is Spanish) and I understand EVERYTHING that you explain. You put it so simple, very understandable, digestible for real beginners like me... Thank you for putting all the work/time and release these videos for free."
Harry Hunter,"this guy, sat for 6 hours and talked about python, and then released it for free. legend"
Aksam Dar,Imagine how many people would have earned better living because of this effort put in by Mosh.  Huge Respect
AJazmyn Kiv,Thank you Mosh. I try watching other python tutorials. i do really appreciate everyone's free content. But there is s just something about your personality & voice that just makes this material sink in a lot better. Definitely have Much love and appreciation for you!
Sami Huq,"I am honestly blown away by your easy to follow method, you have made programming so easy! wish you were my uni faculty"
Rising Omen,"I love your videos!, having learnt all this in my gcses / a levels, just rewatching it after 4 months after my exams this really just reminded me of everything i might have forgotten, luckily it wasn't much but its a 10/10 tutorial for coders who have never coded before. AND ITS FREE"
Oscar‚Äôs Life Miles,"Hats off ! Mosh I have no words to let you know how grateful I am for this free course, it is not only well designed but also easy to follow, God bless you. I am trying to transition and Python seems like a very good option and you already convinced me that I gotta keep on studying it. Thanks a lot"
Techno Maestro,This course has literally changed my life. 2 years ago i started learning python from this course and now i am a software engineer intern at a great startup. Thanks MoshÔ∏è
Kuntal Banerjee,Thanks Mosh 6 hours of amazing lecture.What an amazing teacher you are.!
Mehul Pajwani,"You have made life so easier. I will join your master class once I fully grasp the basics. Thanks for sharing this course, God bless you."
habib KAZEMINAJAFABADI,Hi Mosh. You are marvelous in teaching. I really like the way you teach Python. I am not a professional user but I really enjoyed it.
Samyak Mishra,"Sir I'm a Computer Science Student from India 
And i wanted to learn Python for the off campus foreign placements to the MNC's. 
I came across your channel a few weeks ago and I'm enjoying it 
Thank you for your efforts"
Gavin James,"Hi Mosh. Thank you so much for putting this together. I‚Äôm wanting to learn python because I‚Äôm a teacher with an IT background who wants to find a way to make simple web applications to make life easier for my fellow teachers. I‚Äôm mostly interested in creating a way for teachers to enter data (assessment data, house points etc), which can then be collated, summarised and displayed in useful ways."
Ravi Mishra,"Here's the table of content for you. Enjoy! 



00:00:00 Introduction

00:01:49 Installing Python"
Peter Johnson,"I am 82 years old, retired - obviously. I started work as a computer operator in 1968 and then moved on to (Cobol) programming. Those were the days! Quite often we would punch our own programs into 80 column punch cards because the girls(!) were busy doing (the more important!!) production work.
I'm really enjoying this Python tutorial course of yours and - so far - finding it quite straightforward with no probs. I'm just doing it for fun."
Bambang Sugiono,"6 frickin hours of free python lessons. this man will be one of the biggest influences in the IT industry. respect for this man, god bless"
Paul,"I love the way you present/teach Mosh, I went ahead and purchased the full course. Keep up the great work"
Mercy Muthee,"Thanks Mosh, I had started another course and was feeling overwhelmed. I have watched this for just 26 mins and feeling confident and newly motivated. I like your way of explaining things, thanks for doing this."
Rafael Sanches,"Hi Mosh!
Thank you for this video, that really changed my life.
I wish you the best, and I'll give you my support as soon as possible.
I've been studying your tutorial for the past week and I just came out with a thousand-line notebook. That was my first step, and I am really grateful."
Exolorant,imagine disliking a 6 hour pyhton tutorial and the guy released it for free
tuba hosseini,ABSOLUTELY LOVE this 6 hour video... Thanks a lot Mosh :)
Ned Nadima,"You're a legend Mosh, this is unbelievable. Thank you!"
Deepti Mittal,"Thank you Mosh for this amazing tutorial video you have made. I am a researcher and work on large datasets. Basically, I am a wet lab scientist but really want to python to write different codes that will help me analyze the huge dataset. When I started working with large datasets I did all the calculations and sorted the data manually which is so labor intensive. Therefore, python will certainly help me in minimizing my efforts and provide more robust data analysis power."
Budapest,"Mosh you're a legend, I've been trying to study my python notes and I was learning very slow, your tutorial has helped me a lot in deep understanding of this concepts and quick learning. GOD bless you"
Vikash Kumar,Hi Mosh! A big thank you from India. I am an engineer in material science from last 6 years and never learnt any programming language to be frank and today I am starting my Python journey in a quest to enter in to the field of machine learning and artificial intelligence for simulation of advanced materials. You have made this course super easy for the zero beginners like me. Hopefully I will complete this course and then will proceed to Python mastery course. And happy teacher's day (5th Sep is celebrated as teacher's day here in India).
,"Wow, this looks like a great course!"
Alizey's Mehndi,I am 3:30:00 into this course. About to start packages. So far very good experience for a beginner.
Joseph Ifeoluwa,"Thank you so much Mosh, it took me a while to pull through this course, but now that I've completed it, I believe you've put me on the right track to changing my life."
Nada T,"I don't know how to thank you enough. I spontaneously chose to learn python today, as it is an incredibly useful skill to have (as you say). I really appreciate your efforts and the easy access you give people to learning python. I can't thank you enough"
lil's videos,"Your video is the bestest one amoung other videos i watched. Very clear, neat, simple, easy to understand, with perfect examples. Thank you!"
Albert Astillero,"Hi Sir Mosh, Thank you so much for your tutorials, you're making python seems very easy."
:3,"I've known this man only for 6 hours, but I feel like I owe him 6 decades of gratitude. Thankyou for this awesome tutorial!"
Sanvi Sundarrajan,"Thanks a ton , the amount of effort you put in is huge , I owe you a lot for this !"
Kart hick ajay,"How can someone dislike this course? We should appreciate his efforts in creating this fantastic course.
You made my life easier man, I searched a lot of tutorials but this one was the best, you explain everything clear, the great thing is that we are getting these for free"
acenck,Really appreciate your course! Your tutorials are always so helpful.
Gilow,Im 12 trying to build my self a future. Im just at the start of the video but im trying to do my best to learn it. Its hard to learn it but if i practice enough i think i will know some basic stuff. Thanks for this video! It really helps me out and the vibes that u give are amazing!
Stefan B,"The ""elif"" is interesting. I can use ""if"" for both conditions, but if I set  both cold and hot to True, then both statements will print. In the case of ""elif"", only the first statement will be examined (only the ""if"", the ""elif"" will be skipped). Therefore it's really important which is the first IF condition (and also therefore important you have a good configuration)."
Alvin Crown,"As a retired developer of 42 years, I want to congratulate you on creating this course. You not only have mastered Python but what is rare, you are an excellent instructor. Thank you very much."
David Murinda,"Thanks Mosh. I havent started on this yet, but I know already its gonna be an awesome week ahead. All your trainings are awesome."
Layal Mahfoud,The nice things about your videos that you give examples to enable us to try and understand. Thank you
poornima thirumoorthy,Your session helped me a lot to overcome my career break and start working again. Hats off to you and your teaching  sessions.
Divine love stories,"You explain so beautifully, it is fun to learn!"
aias aiascon,"I am also going to watch and follow this course Mosh! Like the MySQL, I feel already cool - using Python. I once begun with a book (a well known) but due to circumstances I got stuck in the middle of the book. I believe this is going to end so well. Mostly I need Python for data processing, reporting, and analysis in combination to Excel , not that much for designing Websites, but I will follow everything."
Tiandi,"(VERY IMPORTANT TIP FOR PEOPLE WATCHING!)
   Do not try watching the entire video at once. Limit your watch time from 30 or 60 minutes each day and make sure to participate and understand the code. This will take around a week to complete, but it will save you from feeling like you're not good enough. Don't rush yourself. Limit and pay attention!"
Lauren Fabian,"Last year2021, I was curious about websites that have the % character  and 1months ago(August 2022), I learned that Django involves the use of the % character to integrate html elements with python. I just completed this 6h tutorial and I must say Mosh is really awesome. I want to say thank you for putting to all this effort for others that you are doing."
C0D3 Z3R0,I never thought I would enjoy learning something for 6 hours Love this and its a lot of fun once you get a hang of it thank you Mosh truly .
MUHAMMAD HARIS,"Just fall In love with the way you teach sir. 
And also the content is awesome"
Adam Ait lahcen,Man I really appreciate your hard work. this tutorial is the best one I've ever seen. thank you for these amazing 6 hours.
Khalid Aminu Lawal,"Hi Mosh! Thanks for this! I really like your tutorial approach; clear voice and points!! May God reward you for offering this FREE! This is the 2nd channel I came to looking for such tutorial and how glad I'm to look for a 2nd! Super super excited about this! Totally new to programming as it's not my background, but already seeming promising!"
Dinesh Kiran,"Why would you dislike something like this. He has basically spent hours of his lifetime to create quality content that even non-IT people could easily understand. Kudos to you, Mosh. Top class work."
Joseph Michael,"Man, I live in Brazil and I've learned a lot through your videos. Thanks so much for this wonderful initiative of spreading knowledge."
Abdul Mateen Qureshi,I already know the basics of programming and I was looking for a short video on overview of python basics then I came across to this video. Yes it is the best one because in minimum time he tried to cover things that I want to learn. Thanks Sir for creating this video. And I hope in future you'll create more awesome content for us. Keep rising and shining
Linda Maisamari,My Professor advised to check this out and i am super grateful for what i have started learning today. Cant wait to learn more. Thank you for all you do Mosh -You rock!!
Kasun Ranaweera,This is the only video tutorial I watch without fast-forwarding. really interesting. Thank you so much mosh.
clinton ebai,Mosh is out of this world. Great tutorial and I'm feeling optimistic.
dont be toxic,"00:00:00 Introduction

00:01:49 Installing Python 3

00:06:10 Your First Python Program

00:08:11 How Python Code Gets Executed"
Benson Isaac,"Great content, sir. As I practicing with the guessing game I turned it into a more entertaining game by importing the random module, so that the it'd be a lil hard to guess. Here's my code

import random"
Tr·ªçng H·ªì,This course is extremely useful even though it has been published for more than 3 years. Thanks a lot. You did a great job!
Blender Graphics,"Absolutely fantastic, clean knowledge ! Great !"
19-536 Shiva prasad,"You are awesome sirr! 
U r doing a great things to let us up in coding .."
madhusudhan,thank you Mosh for the Crisp and Precise detailing on Pyhton topics..
Glyph-X,"TABLE OF CONTENT



00:00:00 Introduction

00:01:49 Installing Python 3"
Oscar Pulido,Muchas gracias! This was a really useful tutorial to be a starting point.
The Soul Crisis,Thank YOU for this beautiful Python development session laid out so well and organically! I am following along with this to sharpen my coding and Python skills for a web development position I have now (haven't worked in Python much).
Raphaela Recanelli,"Hi, Mosh!!
I gotta tell ya I'm new here and I just got in love with your channel.

It's incrarably fantastic. 
I was very desanimated studying Python because all the tutorials are so lam but now I'm all chereed up again to keep learning with you"
Deniz Tuna YILDIZ,i owe you so much mosh thank you for this awesome tutorial. You made me overcome my biggest misconception about coding. I will be a freshman about 2 months later in computer engineering and this course is really helping me to prepare for college
BitPalace,Thank you Mosh. I just bought your course on complete python mastery a few days ago. Really learning cool stuffs and I am happy. Hope to achieve my goals soon when I complete the course. Thanks once more and looking forward to learning more from you
Ethan,I can't even imagine how long it took to complete this video. Thanks a ton for your effort.
Jafran's Gameplays,"Thank you very much, Mr. Moshfegh Hamedani. I highly appreciate the work you've been putting for us, Sir!"
Random Tech,I never imagined I'd love taking a six-hour programming course! excellent man
I Skidhoo,Thank you for the amazing python tutorial! We Appreciate your time and the  effort to teach us coding
Lesego Hlongwane,"I've watched a few python videos and this is by far the best, thank you"
Finance Account,"Some of the best free Python content out there, hat's off to you Mosh. Thankyou"
Shamsad Jahan,"Honestly, this guy is incredible. He explains everything soo precisely and efficiently without any unnecessary information. Thanks a lot for this video. You made my life easier."
David Relich,Finally a Python (and basic Django) tutorial that actually made sense to me. Thanks so much! Will defo check those courses on your website and subscribe!
UnusualChair,"Mosh, thank you so much for this video. You're helping people including me learn programming free of charge. You're amazing."
Mega Puspita Pertiwi,You are blessed for sharing this knowledge. Thank you very much
keith chua,This guy is really giving us an opportunity to change not just our careers but also our lives. giving us new profitable knowledge. Thank you! Create more amazing videos for us!
mezack adu,"Hi Mosh, thank you for this tutorial. I am an undergraduate studying bachelor of Information security. my question is, what aspect of python would be good for my specialty as an information security undergraduate? I am looking forward to hearing your recommendations and suggestions."
Dont read my profile picture!,Can we just take a moment to appreciate all the efforts he puts in his videos?
Oscar Micheals,"29 million views and 857K likes as of Sep 27, 2022.  You made your goal... 22:30 .  Thank you for the awesome content.  Keep on being a great person."
Shiven Goel,"Hey Mosh I'm a young person and have learned a lot from this course, I am currently on the 4:00:00 mark and are at my first project! Thank you for all the help!"
Dahlia Gunawan,"Today is my second day and I'm 2 hours into the video. This course is a gem Mosh, thank you! I'll come back to this comment in 2 years. Let's see whether I have successfully changed my career by then (currently I'm a financial advisor)."
T R,about 100 minutes in and I'm enjoying this video a lot. easy explanations for the logic behind what we are doing
Dang It,he did all this hard work and sent it to the internet for free. and he doesn't get too much but what he gets is RESPECT and credit for bringing new aspiring programmers to earth
bdhskkajab bsbshhsbs,"This video is priceless Ô∏èÔ∏è.
A million thanks to you Mosh"
Mark Angelo Resulto,Mosh you're amazing.  these information are priceless and its so easy to understand!!
Subramaniam Nanthakumar,No word to thank you Mosh. Excellent......superb
Rakesh Kumar Siriseti,"Hello Mosh, your course is fantastic and easy to understand for beginners like me. I am a Digital Marketer who has experience in Google Ads and Analytics. I'd like to know the applications/opportunities of python for Marketing or analytics."
zillaboop,"This man is important. We need more people like him. When I master something, I will teach it for free"
Thijs Bre,Never thought I would enjoy a 6 hour programming course! Really nice man!
nonitza,You're saving my degree. I'll think of you when I pass my bachelor. Thank you!
Pepe Gonzalez,"Nice tutorial mate, you help me a lot in my progress!!!"
arsenic,this is so helpful:))))))))))) thanks for the tutorial and the effort u put into this!!!
COMASPICE,"It'd be helpful to have the 15 second foward or backward button. Not sure why other videos have it and this one doesn't!

Otherwise, great tutorial! I learned so much. I made it up to the Pypi and Pip section. Looking forward to doing more projects and practice."
Chrs P,I am 50 mins into this and I can say this an excellent video. He is straight to the point and doesn't keep repeating statements. Moves at a good speed. I will 'walk' with him to the end . I would even give him a $ donation for his time to create this if there was a way.
JuSt LaUgHüòÇ,"This guy is a legend. He is teaching python for free. 
Respect him.
Thank you sir!!!!"
Guruji,"Great course. I appreciate your time and effort in making this video available to everyone. I am an absolute beginner and benefitted a lot from this. 
I just had one finding from myself while watching this. That is from 1:20:44. When writing the code, when it is set to ""else"", then instead of ""k"", if we type anything, then also the computer will pick it up as ""k"" because we had not defined k."
ihtasham ali,I learned more here in 6 hours then I did in a whole module with the Open university thank you Mosh
Pakhi Joshi,"Mr. Mosh... you are a magician when it comes to teaching, hands down the best python tutorial for beginners out there."
Luke griffith,"Amazing Tutorial, only an hour and a half in and already have learned so much!"
Rahul Pandey,Hi Mosh-Thanks for sharing this nice python learning video! Really it is good video for me and those who are interested to learn python from scratch.
adidas3893,"To find this whole course freely available on YouTube is such a gift. Seriously, you cover a LOT of ground. Thank you for all your hard work on this!"
Mudassar Hayat,Can't thank enough.Excellent precise and to the point explaination.
junior castelao,"My massive thanks to you mosh .

You helped me the most ."
emely Ny,"I am forever grateful for this, thank you so much Mosh!"
KKC - Oyinkan Chekwas,"Hi Mosh thank you for your videos! Truly amazing. Please can you create a playlist for Data Science and Data Analytics (Beginner - Experienced)?
I would appreciate that. Thank you so much!"
Blaugrana Hut,"Awesome video ! So easy and detailed , best for beginners and even professionals can visit to clarify some doubts ! Please if someone still has  the cheatsheet can you send it ? the link in the description says the file was moved somewhere else ."
harmalauri,I'm learning so much more in this 6 hour YT video than on a whole four months university course on python. You show just the essentials in such a lucid manner that it's easy to follow and integrate everything you cover. Thank you so much for putting this out for free Mosh
Mariam Ahmed,"Hello Mosh, I just started your course. Thank you for this Ô∏è I am learning Python because I want to become a QA tester. I will be happy if you reply my comment. I can‚Äôt wait to get into the course deeply"
Gokul Goku,Hats off to the efforts put on for making this video
Aditya Mishra,"man you're like amazing free 6hr tutorial cheat sheet exercise. 
thank you so much"
Tri3DCyber Tech,"Thanks Mosh for your tutorials. I love your tutorials. I'm learning Python for cyber security. I used to do 3D animation and I wished that I knew python for programming so that I can use it for 3D. Maybe once I know it well, I'll go back to the 3D industry again."
nyuydze louis,Mosh i really always enjoy your explicit nature of explaining this Python programming language. i really want to understand it better...
Mike Voyce,"As a retired teacher and lecturer, I admire Moshe's pace and pitch; really helpful"
Rohan Nair,"This course is amazing!
I just finished 1 hour of it and know some basics, but rn I am stuck on the 1:06 min point where the { } problem comes."
BONKERS,"Honestly, I wanted to learn python because I heard it was easy. I wanted to get into programming due to it admittedly looking like a way for me to become financially secure while working with computers, which is something that I found interesting but never truly considered pursuing until a few days ago."
Namaste üôè,One of the best python tutorials on youtube...!! amazing work MOSH.
Yvonne Hunter,I love that you guys have these tutorials for free use on here.
Just Trim,"Dude, I'm less than 2 minutes in and I just want to say thank you so much for creating this absolute monster of a video. What an absolutely epic contribution to the world. Thank you!"
Zeus CODM,"amazing explanation and very interresting 
just finished string methods at 40:50"
John Bereber,"Today marks my first lesson of this. Like most of people here, I too am wanting a career with so many possible opportunities at this day and age and not be stagnant on a job that will get me nowhere. Here's to the future"
"Buhle, Freddy Nqavela",Everything is clearly explained thank you Mosh I am getting better.
Chetan Patteparapu,Would love to see a Machine Learning course from you Mosh
Prince Kelechi Kalu,I'm just about 22mins into the lecture and I'm like WOW. I'm just eager to seat tight althrough. Thanks  Boss
Jeremiah Nkwegu Ezeora,"Many thanks Mosh. You are a great teacher. I want to pursue a career in machine learning. I  have no knowledge of programming  before watching your video twice now. I wish to continue  with your classes. Once again, thank you"
Jared,I dont understand why some of the practice questions are harder than the examples you walk us through? Great video but the practice questions would always be more extra than what you taught
HaajPaaj,Tip (idk if this was said in the video): you can use the # symbol to make a note that isn't part of your code. I've been making these notes as I follow the tutorial.
BASE AND GROUNDS,"mosh, thanks for this tutorial. you are a very good teacher and a good encourager. my background is in construction but I am looking at having a career change in the tech world. I could eventually combine tech with construction in the future."
Aditi,"for people starting out

don't worry if you watched 5 minutes of his video and ended up practicing for 60 minutes. That's actually the most practical way to learn. Here is how i learn :"
Alej Random,I don't consider myself a beginner and still learned a lot from this. Thx man ‚ô°
Ritu Hemadri,"I love this course so much, becz I am 14, wanting to learn Python and Mosh makes it so easy to learn for free!
My heart-felt gratitude to you, Mosh"
richard coughlan,You are a fantastic teacher! Thanks Mosh! I tried the Python for everyone (PY4E) course too - your videos are much better!
Zeeniya Faumy,"Man! , You are the one teacher, who I love to be taught. Your tutorials are very helpful"
yousra Mahmoud,Thank you.  Your course was a great help to me. I have already recommended it to others
,"Thanks for this tutorial. Awesome explanations perfect for beginners. Particularly loved the exercises, as they ensure that the concepts really stick with us because we put them into practice. I'm personally learning coding to create apps that help people learn biology and maths (my true areas of expertise). Would also love to understand machine learning as I believe that it can have a big impact on our world and our understanding of science."
Dar TV,After 2 weeks of learning this free tutorial I'm finally done  thank you so much for this opportunity  I learned so much and has gained an interest to learn more
Puck Sheet,The time spent here was not only 6 hours thank you man for this effort to  teach people for free
JFK Khan,"Hi Dear Mosh, 

Bundle of thanks, I am impressed with your teaching style, engaging, smooth, ease on mind, not sound like bore teaching, for beginners you are like hidden gems. I always recommend your course, because of ease and friendly."
Manoj Bhat,"you are a gem, i cannot thank you enough, I hope I'll get a better job after this! THANK YOU SO MUCH!!!

fyi, for beginners using Point and point may be a bit confusing, since only difference is case, so i suggest them to use different names for those."
Anthony Garcia,This video is legendary man. Thank you. As soon as I'm done here I'll buy your full course
welock,"Thank you very much. This is like a 9 week course crunched into six hours and its perfectly paced - no banter, no worthless filler, just quick to the point instructions & anecdotes. As a busy person, I have a LOT of respective for people who get to the point and don't waste time. I hope you don't mind I did use my code comments to describe the how in this case, just for my own learning notes lol."
RAKIYA AYENI OHUNENE,"I am an aspirant for this. I love your videos. And how you took your time to spend this. Computing is my dream, sadly I have no laptop. But am still watching this in case in the future I can ever get money to buy a laptop of my own
Thank you for this"
Rohit Koshy,"Lists (@2:01:10)
You can also find the highest number in a shorter way like this:

numbers = [3,6,2,8,4,10]"
Aleks se trudi,It took weeks for editing and a big part of his life for everything else. Thank you. Hope many will try to become a master and pay the small price for this.
Esa√Øe Oumara,I haven't understand the int function but the course is very detailed and i appreciate
Terry Willoughby,"What an amazing online course. Can't believe it's free! Just finished it having watched it in manageable chunks but I didn't do any of the exercises. I managed to download python and pycharm on my laptop and I will do this course again, watching on my tablet and then doing the exercises on the laptop."
Helen Omotayo,"I've always wanted to learn Python but I've been afraid...
Just 8mins into the video, I'm confident that I can learn it.
Thanks for simplifying this course. I'll surely recommend this course to anyone!
You just gained an additional subscriber!"
Ayan Dey,In the largest number program I just took the variable as 0 instead of list[0]
Ayomide Oshin,Thanks to MOSH for this wonderful video. It as really helped me in school and now i'm way ahead of my classmates in school
DreamZZZ,so glad i found this video. thankyou for being such an amazing teacher :)
Vantasia,"For the test where we needed to convert pounds into kilograms, instead of doing 
weight_lbs = input('Weight (lbs): ')

weight_kg = int(weight_lbs) * 0.45

print(weight_kg)"
Georgi Dimitrov,"As a Python user, I think this is amazing. The ease and conciseness with which Mosh goes through the tutorials not only shows his incredible understanding and deep knowledge of programming in general, but a big talent for teaching as well. This would always be my first pick if I were a beginner."
Vincent Rutagangibwa,Learned a lot from this Python Tutorial. Thank you Mosh. Much appreciated
